kod_ebssa;departamant;bro_brezhoneg;bro_galleg;dpke_brezhoneg;dpke_galleg;kumun_brezhoneg;kumun_galleg;1999;2000;2001;2002;2003;2004;2005;2006;2007;2008;2009;2010;2011;2012;2013;2014;2015;2016;2017;2018;2019;2020;2021;2022;2023;2024
code_insee;departement;pays_breton;pays_francais;epci_breton;epci_francais;commune_breton;commune_francais;1999;2000;2001;2002;2003;2004;2005;2006;2007;2008;2009;2010;2011;2012;2013;2014;2015;2016;2017;2018;2019;2020;2021;2022;2023;2024
22004;22;Bro Gwengamp;Pays de Guingamp;Gwengamp-Pempoull Arvor-Argoad Tolpad-kêrioù;Guingamp-Paimpol Armor-Argoat Agglomération;Bear;Bégard ;;;;;;;;;4,50%;5,90%;9,50%;11,60%;12,70%;14,20%;16,70%;16,40%;17,10%;18,40%;17,80%;16,00%;18,40%;19,90%;16,90%;17,10%;17,00%;16,84%
22005;22;Bro Gwengamp;Pays de Guingamp;Gwengamp-Pempoull Tolpad;Guingamp-Paimpol Agglomération;Benac'h;Belle-Isle-en-Terre;22,40%;24,10%;26,40%;22,00%;27,50%;27,80%;32,30%;29,80%;26,10%;28,50%;29,00%;23,70%;16,80%;17,70%;;;;;;;;;;;;0,00%
22013;22;Bro Gwengamp;Pays de Guingamp;Gwengamp-Pempoull Arvor-Argoad Tolpad-kêrioù;Guingamp-Paimpol Armor-Argoat Agglomération;Boulvriag;Bourbriac ;;;;;;;8,70%;8,70%;9,70%;9,10%;9,10%;10,60%;10,10%;9,90%;11,90%;14,50%;19,70%;23,20%;23,20%;21,10%;21,40%;17,10%;16,90%;12,90%;10,40%;12,21%
22023;22;Bro Gwengamp;Pays de Guingamp;Gwengamp-Pempoull Arvor-Argoad Tolpad-kêrioù;Guingamp-Paimpol Armor-Argoat Agglomération;Bulad-Pestivien;Bulat-Pestivien ;;;;;;;;;40,70%;46,00%;37,30%;43,30%;47,40%;49,20%;53,70%;67,30%;76,00%;76,60%;100,00%;100,00%;100,00%;100,00%;100,00%;100,00%;100,00%;100,00%
22025;22;Bro Gwengamp;Pays de Guingamp;Gwengamp-Pempoull Arvor-Argoad Tolpad-kêrioù;Guingamp-Paimpol Armor-Argoat Agglomération;Kallag;Callac;;;;;;;;;;;;;;10,30%;11,40%;10,40%;9,20%;11,40%;10,70%;14,00%;13,10%;18,40%;9,50%;11,90%;8,00%;8,24%
22032;22;Bro Dinan;Pays de Dinan;Dinan Tolpad-kêrioù;Dinan Agglomération;Kaon;Caulnes;;;;;;;;;;;;;;;;;;;;;;;;5,40%;7,30%;8,19%
22034;22;Bro Dreger;Pays du Trégor;Lannuon-Treger Kumuniezh;Lannion-Trégor Communauté;Kawan;Cavan ;24,20%;26,30%;32,50%;18,60%;22,30%;25,90%;32,70%;31,30%;33,20%;38,40%;36,90%;38,40%;38,70%;41,90%;39,60%;42,10%;43,30%;42,00%;44,70%;45,90%;50,00%;47,80%;48,90%;48,90%;42,90%;44,83%
22037;22;Bro Gwengamp;Pays de Guingamp;Gwengamp-Pempoull Tolpad;Guingamp-Paimpol Agglomération;Ar Chapel-Nevez (22);Chapelle-Neuve;;;;;;;;100,00%;100,00%;;;;;;;;;;;;;;;;;0,00%
22050;22;Bro Dinan;Pays de Dinan;Dinan Tolpad-kêrioù;Dinan Agglomération;Dinan;Dinan ;;2,30%;2,20%;3,20%;3,10%;2,80%;3,20%;4,30%;4,50%;5,00%;4,90%;5,90%;7,10%;7,20%;8,00%;9,30%;9,00%;9,40%;8,70%;7,40%;7,40%;7,50%;7,50%;7,60%;6,60%;6,29%
22055;22;Bro Sant-Brieg;Pays de Saint-Brieuc;Sant-Brieg Arvor Tolpad-kêrioù;Saint-Brieuc Armor Agglomération;Binig-Staol;Binic-Etables-sur-Mer;;;;;;;;;;;;;;;;;;;;;;;1,60%;3,00%;2,30%;2,89%
22061;22;Bro Kornôg-Kreiz-Breizh;Pays du Centre-Ouest-Bretagne;KK Kreiz-Breizh;CC du Kreiz-Breizh;Groñvel;Glomel ;;28,30%;;15,60%;25,20%;24,30%;25,80%;25,20%;25,70%;25,50%;27,70%;19,80%;22,50%;22,40%;21,40%;20,20%;13,50%;12,90%;18,50%;17,40%;15,10%;12,10%;18,80%;22,50%;18,10%;20,83%
22070;22;Bro Gwengamp;Pays de Guingamp;Gwengamp-Pempoull Arvor-Argoad Tolpad-kêrioù;Guingamp-Paimpol Armor-Argoat Agglomération;Gwengamp;Guingamp ;10,40%;10,50%;12,80%;12,60%;15,90%;15,20%;14,30%;14,80%;15,20%;15,90%;16,20%;16,50%;17,40%;17,00%;17,40%;17,40%;17,20%;18,60%;18,10%;16,60%;16,10%;16,30%;16,10%;18,00%;18,40%;17,32%
22093;22;Bro Sant-Brieg;Pays de Saint-Brieuc;Lambal Arvor hag Argoad;Lamballe Terre et Mer;Lambal-Arvor;Lamballe-Armor;;;;;;;;;;;;;;;;;;;;;1,00%;1,50%;2,10%;2,50%;2,60%;2,97%
22113;22;Bro Dreger;Pays du Trégor;Lannuon-Treger Kumuniezh;Lannion-Trégor Communauté;Lannuon;Lannion ;9,90%;10,90%;11,10%;11,70%;12,00%;11,30%;11,30%;12,00%;12,20%;12,00%;13,30%;15,00%;14,50%;15,60%;15,20%;16,70%;16,80%;17,40%;18,00%;18,30%;19,30%;18,60%;19,10%;19,10%;18,70%;18,97%
22115;22;Bro Kornôg-Kreiz-Breizh;Pays du Centre-Ouest-Bretagne;KK Kreiz-Breizh;CC du Kreiz-Breizh;Larruen;Lanrivain;;;;;;;;;;;;;;;;;;68,00%;78,60%;100,00%;100,00%;100,00%;100,00%;100,00%;100,00%;100,00%
22121;22;Bro Gwengamp;Pays de Guingamp;Leñv Arvor Kumuniezh;Leff Armor Communauté;Lannolon;Lanvollon ;;;;;;;;;;;;;;;;;;;;2,80%;4,30%;5,60%;6,30%;10,20%;9,60%;11,22%
22134;22;Bro Dreger;Pays du Trégor;Lannuon-Treger Kumuniezh;Lannion-Trégor Communauté;Louaneg;Louannec ;;;;;;;;4,00%;4,30%;5,80%;7,00%;9,40%;12,50%;11,30%;11,80%;10,20%;12,60%;14,50%;14,30%;16,00%;14,60%;13,50%;14,20%;14,50%;16,40%;17,20%
22135;22;Bro Gwengamp;Pays de Guingamp;Gwengamp-Pempoull Arvor-Argoad Tolpad-kêrioù;Guingamp-Paimpol Armor-Argoat Agglomération;Louergad;Louargat ;25,90%;28,20%;27,50%;17,90%;16,20%;16,10%;17,40%;16,90%;15,10%;16,10%;18,60%;16,50%;17,90%;18,40%;24,60%;25,50%;23,60%;23,90%;25,10%;26,30%;27,50%;25,70%;28,50%;27,80%;27,60%;24,40%
22137;22;Bro Kornôg-Kreiz-Breizh;Pays du Centre-Ouest-Bretagne;KK Kreiz-Breizh;CC du Kreiz-Breizh;Mêl-Karaez;Maël-Carhaix ;;;;;;9,10%;8,10%;9,70%;9,80%;13,40%;13,90%;16,30%;17,30%;14,80%;18,20%;19,70%;23,70%;22,40%;19,70%;17,40%;17,20%;23,00%;13,90%;38,20%;40,90%;43,44%
22158;22;Bro Kreiz-Breizh;Pays du Centre-Bretagne;Loudieg Kumuniezh - Kreiz Breizh;Loudéac Communauté - Bretagne Centre;Gwerledan;Guerlédan;;;;;;;;;;;;;;;;;;;8,30%;10,20%;12,70%;16,30%;17,20%;17,60%;19,70%;20,14%
22161;22;Bro Gwengamp;Pays de Guingamp;Gwengamp-Pempoull Arvor-Argoad Tolpad-kêrioù;Guingamp-Paimpol Armor-Argoat Agglomération;Pabu;Pabu;33,60%;35,90%;32,70%;34,30%;33,50%;33,80%;36,40%;33,80%;32,50%;32,50%;29,90%;33,30%;31,70%;28,70%;29,10%;31,10%;29,20%;29,50%;27,50%;29,10%;29,40%;28,70%;30,40%;32,20%;34,70%;36,40%
22162;22;Bro Gwengamp;Pays de Guingamp;Gwengamp-Pempoull Arvor-Argoad Tolpad-kêrioù;Guingamp-Paimpol Armor-Argoat Agglomération;Pempoull;Paimpol;2,80%;4,40%;5,70%;7,00%;8,50%;10,90%;9,50%;10,50%;10,80%;11,80%;12,40%;13,50%;12,40%;14,20%;13,80%;14,00%;7,30%;6,90%;7,80%;6,80%;5,70%;5,90%;8,20%;8,70%;9,50%;10,81%
22166;22;Bro Dreger;Pays du Trégor;Lannuon-Treger Kumuniezh;Lannion-Trégor Communauté;Perwenan;Penvénan;19,10%;18,30%;10,90%;13,30%;14,50%;19,90%;21,10%;21,20%;23,80%;19,90%;19,80%;21,60%;24,70%;23,20%;23,40%;25,80%;23,20%;22,90%;26,80%;28,40%;32,50%;34,80%;33,50%;31,60%;35,70%;30,49%
22168;22;Bro Dreger;Pays du Trégor;Lannuon-Treger Kumuniezh;Lannion-Trégor Communauté;Perroz-Gireg;Perros-Guirec ;;;;;;;;;3,00%;4,80%;5,10%;6,00%;5,80%;6,80%;5,80%;6,30%;4,80%;5,00%;4,10%;4,70%;5,20%;5,20%;5,60%;6,40%;7,40%;8,85%
22176;22;Bro Sant-Brieg;Pays de Saint-Brieuc;Sant-Brieg Arvor Tolpad-kêrioù;Saint-Brieuc Armor Agglomération;Pledran;Plédran;;;;;;;;;;;;;;;;;;;;;2,80%;3,30%;3,60%;3,90%;3,90%;5,23%
22187;22;Bro Sant-Brieg;Pays de Saint-Brieuc;Sant-Brieg Arvor Tolpad-kêrioù;Saint-Brieuc Armor Agglomération;Plerin;Plerin;;;;;;;;;;;;;;;;;;1,70%;2,30%;3,00%;3,80%;5,70%;6,80%;7,20%;7,00%;7,51%
22189;22;Bro Gwengamp;Pays de Guingamp;Gwengamp-Pempoull Arvor-Argoad Tolpad-kêrioù;Guingamp-Paimpol Armor-Argoat Agglomération;Plijidi;Plésidy;;;;;;;;;;;;;;0,00%;0,00%;0,00%;0,00%;0,00%;0,00%;0,00%;0,00%;0,00%;0,00%;0,00%;0,00%;0,00%
22194;22;Bro Dreger;Pays du Trégor;Lannuon-Treger Kumuniezh;Lannion-Trégor Communauté;Plistin;Plestin-les-Grèves;20,80%;14,50%;17,50%;23,00%;25,50%;25,60%;26,90%;30,40%;29,70%;29,60%;31,00%;30,80%;30,60%;28,90%;28,10%;27,70%;26,60%;23,90%;22,90%;22,40%;24,10%;23,60%;25,40%;26,50%;31,20%;37,89%
22204;22;Bro Gwengamp;Pays de Guingamp;Gwengamp-Pempoull Arvor-Argoad Tolpad-kêrioù;Guingamp-Paimpol Armor-Argoat Agglomération;Pleuzal / Runan;Ploëzal / Runan;;;;;;;;;;;16,70%;21,20%;25,80%;23,50%;28,60%;26,40%;28,80%;31,10%;23,00%;19,40%;14,30%;21,20%;26,90%;33,80%;39,40%;47,62%
22206;22;Bro Gwengamp;Pays de Guingamp;Leñv Arvor Kumuniezh;Leff Armor Communauté;Kastellaodren-Plagad;Châtelaudren-Plouagat;;;;;;;;;;;;;;;;;;;;6,00%;5,40%;6,40%;7,50%;8,10%;8,80%;9,41%
22211;22;Bro Dreger;Pays du Trégor;Lannuon-Treger Kumuniezh;Lannion-Trégor Communauté;Ploubêr;Ploubezre;;3,90%;5,40%;5,70%;7,90%;8,70%;11,10%;9,10%;7,80%;6,50%;5,50%;;;;;;;;;;;4,70%;6,10%;8,40%;8,30%;12,66%
22214;22;Bro Gwengamp;Pays de Guingamp;Gwengamp-Pempoull Arvor-Argoad Tolpad-kêrioù;Guingamp-Paimpol Armor-Argoat Agglomération;Ploueg-ar-Mor;Plouézec;;;;;;;;;;;;;;;;7,70%;19,10%;21,90%;21,60%;23,10%;27,10%;24,10%;25,10%;23,90%;22,40%;24,87%
22222;22;Bro Gwengamp;Pays de Guingamp;Leñv Arvor Kumuniezh;Leff Armor Communauté;Plouha;Plouha;;;;;;;;;;;;6,60%;8,90%;10,30%;11,80%;13,80%;16,30%;16,10%;16,40%;13,50%;12,30%;13,80%;12,70%;15,10%;17,90%;18,89%
22225;22;Bro Gwengamp;Pays de Guingamp;Gwengamp-Pempoull Arvor-Argoad Tolpad-kêrioù;Guingamp-Paimpol Armor-Argoat Agglomération;Plouvagor;Ploumagoar;;;;;;;;;;;;;;;4,20%;5,00%;6,60%;8,90%;9,50%;10,40%;11,20%;11,80%;9,90%;7,20%;7,40%;9,17%
22228;22;Bro Dreger;Pays du Trégor;Lannuon-Treger Kumuniezh;Lannion-Trégor Communauté;Plounevez-Moedeg;Plounévez-Moëdec;;;;22,30%;28,40%;31,40%;38,30%;46,70%;50,80%;61,10%;71,20%;77,00%;82,50%;80,00%;82,40%;80,70%;85,30%;76,00%;62,60%;52,60%;50,60%;50,00%;41,90%;43,00%;68,20%;44,12%
22254;22;Bro Dreger;Pays du Trégor;Lannuon-Treger Kumuniezh;Lannion-Trégor Communauté;Prad;Prat;;;;;;;;;;;;;;;;;;;;;;4,50%;5,40%;7,80%;9,20%;11,25%
22262;22;Bro Sant-Brieg;Pays de Saint-Brieuc;Sant-Brieg Arvor Tolpad-kêrioù;Saint-Brieuc Armor Agglomération;Kintin;Quintin;;;;;;;;;;;;;;;;;;;1,80%;3,20%;3,90%;4,40%;6,00%;7,30%;7,90%;8,09%
22265;22;Bro Dreger;Pays du Trégor;Lannuon-Treger Kumuniezh;Lannion-Trégor Communauté;Rospezh;Rospez;;;;;;16,00%;20,20%;15,80%;13,50%;14,00%;14,00%;13,10%;14,50%;15,70%;17,00%;17,30%;15,60%;16,70%;17,60%;13,90%;10,90%;10,60%;11,20%;13,60%;12,40%;12,93%
22266;22;Bro Kornôg-Kreiz-Breizh;Pays du Centre-Ouest-Bretagne;KK Kreiz-Breizh;CC du Kreiz-Breizh;Rostrenenn;Rostrenen;27,40%;24,70%;17,60%;30,60%;32,40%;30,60%;33,60%;35,20%;34,10%;34,50%;33,30%;32,10%;37,10%;38,40%;39,30%;41,20%;44,20%;42,80%;39,30%;38,40%;36,80%;37,70%;36,10%;34,50%;33,00%;33,10%
22278;22;Bro Sant-Brieg;Pays de Saint-Brieuc;Sant-Brieg Arvor Tolpad-kêrioù;Saint-Brieuc Armor Agglomération;Sant-Brieg;Saint-Brieuc ;1,80%;2,60%;3,00%;3,10%;3,10%;3,40%;3,70%;3,80%;3,70%;4,00%;3,90%;3,90%;4,00%;3,70%;3,90%;3,50%;3,70%;3,70%;4,00%;4,00%;3,90%;4,00%;3,90%;4,00%;4,00%;4,63%
22353;22;Bro Dreger;Pays du Trégor;Lannuon-Treger Kumuniezh;Lannion-Trégor Communauté;Tregastell;Trégastel ;20,90%;22,40%;23,90%;8,30%;12,00%;13,40%;16,70%;17,80%;20,70%;16,50%;16,00%;18,40%;18,30%;18,90%;16,40%;15,30%;19,70%;18,60%;22,40%;29,90%;30,50%;28,80%;32,10%;32,90%;27,30%;27,91%
22360;22;Bro Sant-Brieg;Pays de Saint-Brieuc;Sant-Brieg Arvor Tolpad-kêrioù;Saint-Brieuc Armor Agglomération;Tregaeg;Trégueux;;;;;;3,20%;5,40%;4,50%;3,10%;2,70%;2,10%;;;;;;;;;;;;;;;0,00%
22362;22;Bro Dreger;Pays du Trégor;Lannuon-Treger Kumuniezh;Lannion-Trégor Communauté;Landreger;Tréguier ;9,90%;14,60%;9,60%;9,80%;11,90%;16,40%;16,80%;14,90%;16,00%;11,80%;13,30%;12,20%;12,80%;13,80%;8,50%;7,80%;7,30%;11,70%;11,90%;4,00%;8,10%;10,10%;9,70%;8,80%;9,80%;10,27%
22376;22;Bro Kreiz-Breizh;Pays du Centre-Bretagne;Loudieg Kumuniezh - Kreiz Breizh;Loudéac Communauté - Bretagne Centre;Treve;Trévé;;;;;;;;;;;;;;;;;;;;;;;;;;5,88%
22387;22;Bro Dreger;Pays du Trégor;Lannuon-Treger Kumuniezh;Lannion-Trégor Communauté;Ar C'houerc'had;Vieux-Marché;;;;;;;;;;;;;;;;;;;;;;;8,10%;13,10%;19,80%;19,44%
22389;22;Bro Sant-Brieg;Pays de Saint-Brieuc;Sant-Brieg Arvor Tolpad-kêrioù;Saint-Brieuc Armor Agglomération;Ilfinieg;Yffiniac;;;;;;;;;;;;;;;;;;;;;;;2,70%;4,80%;6,10%;8,23%
29004;29;Bro Gerne;Pays de Cornouaille;Kemperle Kumuniezh;Quimperlé Communauté;Banaleg;Bannalec ;9,60%;11,50%;11,30%;10,00%;8,00%;8,90%;9,20%;8,40%;9,70%;7,90%;12,00%;11,60%;14,70%;15,60%;19,60%;19,70%;21,80%;23,50%;25,50%;26,20%;27,80%;27,60%;26,70%;28,70%;28,80%;28,98%
29019;29;Bro Brest;Pays de Brest;Brest Meurgêr;Brest Métropole;Brest;Brest;1,20%;1,30%;1,40%;1,50%;1,70%;1,70%;1,90%;1,90%;2,10%;1,90%;2,10%;2,20%;2,30%;2,70%;3,00%;3,30%;3,90%;4,10%;4,70%;5,20%;5,40%;5,70%;6,10%;6,10%;6,40%;6,97%
29020;29;Bro Gerne;Pays de Cornouaille;Kemper Breizh-Izel;Quimper Bretagne Occidentale;Brieg;Briec;;;;;;;;3,20%;5,50%;7,80%;10,00%;11,20%;11,60%;10,50%;12,90%;13,80%;15,10%;15,40%;16,20%;18,20%;18,70%;19,10%;19,40%;19,50%;19,90%;20,35%
29024;29;Bro Kornôg-Kreiz-Breizh;Pays du Centre-Ouest-Bretagne;Poc’hêr kumuniezh;Poher Communauté;Karaez-Plougêr;Carhaix-Plouguer;10,70%;11,20%;15,00%;14,90%;16,50%;17,80%;19,30%;23,40%;24,20%;21,50%;23,30%;23,20%;23,30%;23,70%;24,80%;24,00%;24,10%;25,80%;25,10%;26,50%;27,60%;29,40%;28,10%;27,40%;28,70%;27,24%
29026;29;Bro Brest;Pays de Brest;KK Pleiben-Kastellin-Porzhe;CC Pleyben-Châteaulin-Porzay;Kastellin;Châteaulin;;;;;;;;;1,10%;2,00%;3,80%;3,20%;3,30%;3,90%;3,40%;3,40%;3,20%;3,00%;3,20%;3,10%;3,90%;4,30%;5,30%;5,10%;5,90%;5,16%
29027;29;Bro Kornôg-Kreiz-Breizh;Pays du Centre-Ouest-Bretagne;KK Kerne-Uhel;CC de Haute Cornouaille;Kastell-Nevez-ar-Faou;Châteauneuf-du-Faou ;;;;;4,10%;5,20%;3,80%;5,00%;7,70%;10,40%;13,20%;15,40%;15,20%;15,30%;17,20%;18,50%;16,60%;16,20%;15,50%;15,40%;14,90%;15,60%;16,70%;14,90%;18,00%;19,28%
29030;29;Bro Montroulez;Pays de Morlaix;Gorre-Leon Kumuniezh;CC Haut-Léon Communauté;Kleder;Cléder;9,20%;9,70%;10,30%;17,30%;22,60%;25,00%;26,20%;26,50%;25,70%;25,90%;25,50%;22,60%;21,40%;23,80%;21,90%;22,10%;21,70%;20,70%;22,30%;19,60%;21,30%;21,80%;21,10%;24,00%;27,80%;25,32%
29031;29;Bro Gerne;Pays de Cornouaille;Kemperle Kumuniezh;Quimperlé Communauté;Kloar-Karnoed;Clohars-Carnoët;;;;;;;;;;;;;;;;;4,90%;6,20%;8,50%;10,70%;11,20%;12,60%;11,40%;8,10%;9,40%;10,29%
29038;29;Bro Montroulez;Pays de Morlaix;KK bro Landivizio;CC du Pays de Landivisiau;Kommanna;Commana;28,90%;35,20%;35,60%;39,60%;35,70%;34,00%;36,60%;37,80%;37,40%;45,10%;46,10%;45,00%;48,30%;50,30%;49,70%;47,60%;49,60%;47,70%;45,50%;46,80%;42,90%;31,30%;40,70%;40,30%;42,10%;44,71%
29039;29;Bro Gerne;Pays de Cornouaille;Konk-Kerne Tolpad-kêrioù;Concarneau Cornouaille Agglomération;Konk-Kerne;Concarneau;2,20%;1,40%;2,30%;1,60%;1,30%;1,90%;1,80%;1,80%;1,70%;2,20%;2,60%;2,50%;2,60%;3,60%;4,20%;4,90%;5,60%;6,00%;6,70%;7,20%;6,60%;7,20%;7,20%;7,30%;7,20%;7,36%
29041;29;Bro Kornôg-Kreiz-Breizh;Pays du Centre-Ouest-Bretagne;KK Kerne-Uhel;CC de Haute Cornouaille;Kore;Coray;;;;;;;;;;;;;;;;9,00%;11,00%;10,90%;14,50%;16,40%;18,50%;22,00%;19,00%;18,90%;24,30%;22,52%
29042;29;Bro Brest;Pays de Brest;KK Gourenez Kraozon-Arvor ar Stêr-Aon;CC Presqu'île de Crozon-Aulne Maritime;Kraozon;Crozon;3,90%;3,80%;3,80%;3,80%;4,30%;4,40%;5,40%;5,10%;4,10%;4,60%;4,00%;3,30%;4,00%;3,80%;3,20%;4,10%;5,10%;6,80%;7,00%;7,50%;7,00%;7,10%;5,90%;6,40%;7,30%;8,77%
29043;29;Bro Brest;Pays de Brest;KTK bro Landerne Daoulaz;CA du Pays de Landerneau Daoulas;Daoulaz;Daoulas ;;;;;;;;6,40%;8,10%;9,80%;11,80%;10,80%;14,70%;13,60%;14,60%;12,10%;11,20%;9,70%;9,90%;8,60%;7,90%;10,60%;8,70%;10,20%;9,10%;11,02%
29046;29;Bro Gerne;Pays de Cornouaille;Douarnenez Kumuniezh;Douarnenez Communauté;Douarnenez;Douarnenez;3,70%;4,30%;4,60%;4,80%;4,30%;5,10%;5,70%;5,50%;6,90%;8,00%;8,10%;7,80%;8,70%;8,70%;9,70%;10,70%;10,70%;10,50%;11,40%;11,40%;11,80%;12,20%;11,20%;10,50%;10,30%;10,50%
29049;29;Bro Gerne;Pays de Cornouaille;Konk-Kerne Tolpad-kêrioù;Concarneau Cornouaille Agglomération;Eliant;Elliant;;;;;;;;;;;;;;;8,00%;9,70%;13,10%;14,50%;17,30%;17,30%;18,00%;19,20%;17,90%;19,20%;18,30%;18,04%
29051;29;Bro Gerne;Pays de Cornouaille;Kemper Breizh-Izel;Quimper Bretagne Occidentale;Erge-Vras (an);Ergué-Gabéric;;;;2,70%;4,30%;4,90%;5,30%;6,40%;7,30%;6,60%;6,90%;5,60%;6,10%;6,00%;8,40%;9,80%;10,60%;12,40%;13,10%;14,10%;14,60%;15,70%;15,50%;17,20%;16,90%;14,89%
29053;29;Bro Brest;Pays de Brest;KK Gourenez Kraozon-Arvor ar Stêr-Aon;CC Presqu'île de Crozon-Aulne Maritime;Faou (ar);Faou (le);10,00%;10,00%;11,20%;11,00%;11,00%;10,90%;10,40%;12,70%;12,40%;12,10%;12,20%;14,10%;14,40%;16,80%;20,30%;16,70%;17,60%;22,10%;25,90%;28,90%;29,20%;26,30%;24,40%;25,30%;26,60%;26,59%
29058;29;Bro Gerne;Pays de Cornouaille;KK bro Fouenant;CC du Pays Fouesnantais;Fouenant;Fouesnant;;;;;;;;;;;;;;;2,00%;4,30%;5,70%;7,60%;9,60%;11,40%;12,30%;12,20%;13,30%;13,20%;13,40%;13,55%
29061;29;Bro Brest;Pays de Brest;Brest Meurgêr;Brest Métropole;Gouenoù;Gouesnou;;;;;;3,30%;3,80%;4,60%;5,90%;8,30%;12,00%;14,50%;12,70%;12,40%;11,30%;12,00%;12,30%;11,50%;11,20%;12,60%;11,60%;11,90%;11,90%;11,90%;11,10%;11,75%
29067;29;Bro Montroulez;Pays de Morlaix;Montroulez Kumuniezh;Morlaix Communauté;Gwerliskin ;Guerlesquin;;;;;;;;;;;;;;;;;;;;;;;;;;14,81%
29069;29;Bro Brest;Pays de Brest;Brest Meurgêr;Brest Métropole;Gwiler-Leon;Guilers;;;;2,40%;3,50%;4,00%;6,70%;6,60%;6,50%;7,00%;7,00%;7,90%;8,20%;7,60%;7,70%;7,70%;5,70%;6,40%;6,40%;7,10%;6,90%;8,30%;7,70%;8,80%;9,90%;11,69%
29075;29;Bro Brest;Pays de Brest;Brest Meurgêr;Brest Métropole;Gwipavaz;Guipavas;3,60%;4,40%;4,80%;4,10%;4,10%;4,00%;4,00%;4,40%;4,50%;4,40%;4,10%;4,70%;4,50%;4,30%;4,80%;4,50%;4,50%;5,50%;5,60%;5,70%;6,30%;6,20%;6,00%;6,70%;6,30%;6,28%
29076;29;Bro Brest;Pays de Brest;KK bro an Hirwazh;CC du Pays d'Iroise;Milizag-Gwiproñvel;Milizac-Guipronvel;;;;;;;;3,30%;6,40%;7,50%;10,50%;12,20%;15,90%;16,20%;16,70%;16,30%;17,70%;;20,80%;20,30%;20,20%;19,30%;20,10%;17,70%;18,70%;18,24%
29077;29;Bro Brest;Pays de Brest;Kumuniezh Lesneven Aod ar Mojennoù;Communauté Lesneven Côte des Légendes;Gwiseni;Guissény;28,70%;25,70%;28,20%;28,20%;20,20%;21,80%;23,60%;18,90%;22,00%;21,50%;21,60%;23,60%;19,10%;22,80%;23,60%;26,70%;28,00%;33,30%;35,80%;33,30%;35,60%;36,20%;33,80%;24,10%;25,80%;25,78%
29103;29;Bro Brest;Pays de Brest;KTK bro Landerne Daoulaz;CA du Pays de Landerneau Daoulas;Landerne;Landerneau;6,20%;6,30%;6,90%;7,40%;7,60%;8,00%;9,50%;10,90%;11,90%;12,50%;13,70%;14,00%;14,20%;15,00%;15,90%;16,10%;16,40%;16,40%;17,60%;18,40%;18,60%;19,60%;19,30%;19,30%;20,00%;18,90%
29105;29;Bro Montroulez;Pays de Morlaix;KK bro Landivizio;CC du Pays de Landivisiau;Landivizio;Landivisiau;;4,00%;2,40%;4,00%;4,90%;7,80%;7,80%;8,20%;8,80%;7,10%;8,40%;8,80%;8,20%;8,80%;8,10%;8,30%;8,30%;8,20%;8,10%;7,50%;7,30%;7,40%;7,40%;8,10%;7,10%;6,77%
29113;29;Bro Montroulez;Pays de Morlaix;Montroulez Kumuniezh;Morlaix Communauté;Lanneur;Lanmeur;;;;;;9,00%;9,10%;9,40%;13,20%;15,30%;18,10%;21,70%;24,30%;24,70%;25,80%;26,30%;28,30%;28,20%;28,70%;28,50%;32,50%;31,30%;32,20%;30,90%;31,20%;30,60%
29117;29;Bro Brest;Pays de Brest;KK bro an Aberioù;CC du Pays des Abers;Lanniliz;Lannilis;18,20%;22,20%;25,20%;24,90%;26,40%;27,70%;33,10%;32,50%;34,20%;33,20%;36,30%;35,90%;35,20%;34,00%;35,10%;34,50%;33,30%;33,80%;33,40%;34,10%;33,90%;33,70%;33,50%;32,40%;31,30%;30,51%
29124;29;Bro Brest;Pays de Brest;Kumuniezh Lesneven Aod ar Mojennoù;Communauté Lesneven Côte des Légendes;Lesneven;Lesneven;17,50%;16,00%;17,00%;18,20%;18,80%;18,90%;19,30%;19,50%;20,40%;19,10%;20,40%;20,80%;18,90%;18,10%;17,60%;18,30%;18,40%;19,50%;20,40%;20,50%;21,80%;21,80%;21,50%;20,50%;19,70%;18,95%
29130;29;Bro Brest;Pays de Brest;KK bro an Hirwazh;CC du Pays d'Iroise;Lokmaria-Plouzane;Locmaria-Plouzané;;;;;;;;;;;;;;3,50%;5,40%;6,60%;6,80%;8,30%;9,70%;10,60%;10,90%;11,70%;12,50%;12,20%;12,30%;12,47%
29140;29;Bro Brest;Pays de Brest;KTK bro Landerne Daoulaz;CA du Pays de Landerneau Daoulas;Loperc'hed;Loperhet;;;;;;5,00%;6,80%;8,40%;11,80%;14,60%;17,80%;19,30%;22,00%;25,90%;27,30%;29,30%;32,40%;31,60%;30,80%;29,80%;30,10%;29,80%;30,00%;29,10%;31,70%;30,91%
29141;29;Bro Kornôg-Kreiz-Breizh;Pays du Centre-Ouest-Bretagne;Menez Are Kumuniezh;Monts d'Arrée Communauté;Lokeored;Loqueffret;;;;;;;;;;;;;;;;;;;;;;37,30%;58,70%;60,00%;62,80%;55,00%
29150;29;Bro Gerne;Pays de Cornouaille;Kemperle Kumuniezh;Quimperlé Communauté;Molan;Moëlan-sur-Mer;;;;;;;;;;;;;;4,50%;7,90%;10,40%;11,70%;11,80%;13,00%;11,70%;12,00%;12,50%;11,40%;12,30%;11,50%;10,43%
29151;29;Bro Montroulez;Pays de Morlaix;Montroulez Kumuniezh;Morlaix Communauté;Montroulez;Morlaix;5,10%;5,20%;5,60%;5,80%;4,70%;4,90%;5,70%;5,80%;6,10%;6,40%;7,00%;7,60%;8,00%;8,20%;9,10%;9,30%;10,10%;11,10%;11,10%;11,30%;11,70%;10,50%;9,80%;10,20%;10,40%;10,37%
29160;29;Bro Brest;Pays de Brest;KK bro an Aberioù;CC du Pays des Abers;Plabenneg;Plabennec;9,00%;9,10%;11,50%;12,50%;12,50%;14,30%;13,60%;13,40%;13,90%;13,90%;16,00%;15,00%;13,40%;12,90%;12,20%;11,20%;10,90%;10,80%;12,50%;14,40%;14,40%;14,20%;15,10%;15,80%;14,90%;14,95%
29161;29;Bro Gerne;Pays de Cornouaille;KK bro Fouenant;CC du Pays Fouesnantais;Pluwenn;Pleuven;;;;;;;;;;;;;;;;;;;5,80%;7,40%;5,60%;4,20%;10,30%;11,20%;13,10%;15,90%
29162;29;Bro Brest;Pays de Brest;KK Pleiben-Kastellin-Porzhe;CC Pleyben-Châteaulin-Porzay;Pleiben;Pleyben;;;;;;;;;;;;;;;;;;;;;4,20%;4,80%;5,80%;8,30%;6,70%;8,26%
29163;29;Bro Montroulez;Pays de Morlaix;Montroulez Kumuniezh;Morlaix Communauté;Pleiber-Krist;Pleyber-Christ;;;;;;;;;;7,00%;9,10%;12,60%;14,00%;12,00%;12,50%;12,90%;13,30%;13,90%;14,50%;15,30%;14,50%;15,20%;17,00%;15,90%;18,70%;15,48%
29167;29;Bro Gerne;Pays de Cornouaille;KK gorre ar Vro Vigoudenn;CC du Haut Pays Bigouden;Plogastell-Sant-Jermen;Plogastel-Saint-Germain;;;;;;;;;;;;5,60%;8,10%;13,30%;14,70%;16,30%;16,30%;18,20%;18,50%;17,60%;22,20%;21,20%;21,00%;21,90%;25,10%;20,11%
29170;29;Bro Gerne;Pays de Cornouaille;Kemper Breizh-Izel;Quimper Bretagne Occidentale;Ploveilh;Plomelin;;;;;;;;;;;;;;;;;;;4,70%;6,30%;8,00%;8,60%;10,40%;13,60%;13,70%;14,20%
29171;29;Bro Gerne;Pays de Cornouaille;KK su ar Vro Vigoudenn;CC du Pays Bigouden Sud;Ploveur;Plomeur;17,60%;17,20%;20,40%;20,50%;19,40%;21,50%;23,10%;25,90%;28,90%;30,70%;32,10%;33,10%;32,70%;29,50%;31,40%;31,00%;35,10%;32,10%;31,00%;28,60%;27,60%;27,20%;25,50%;26,20%;24,40%;25,26%
29174;29;Bro Gerne;Pays de Cornouaille;KK gorre ar Vro Vigoudenn;CC du Haut Pays Bigouden;Ploneour-Lanwern;Plonéour-Lanvern;;;;;;;;;;;3,50%;6,10%;6,90%;8,40%;9,90%;11,10%;10,70%;11,20%;10,60%;11,00%;10,50%;10,20%;11,10%;11,60%;12,50%;12,55%
29177;29;Bro Brest;Pays de Brest;KK bro an Hirwazh;CC du Pays d'Iroise;Plouarzhel;Plouarzel;;;;;;;;6,50%;8,00%;9,70%;12,60%;15,10%;15,80%;17,90%;17,80%;19,10%;18,20%;19,30%;20,40%;20,70%;21,00%;20,10%;20,80%;21,60%;23,90%;25,14%
29178;29;Bro Brest;Pays de Brest;KK bro an Hirwazh;CC du Pays d'Iroise;Gwitalmeze;Ploudalmézeau;14,20%;15,50%;15,30%;16,20%;14,90%;14,60%;11,60%;11,10%;10,10%;11,70%;11,20%;12,60%;13,00%;14,20%;14,80%;14,00%;14,50%;14,60%;13,60%;13,50%;14,80%;15,10%;15,10%;14,60%;14,60%;14,11%
29180;29;Bro Brest;Pays de Brest;KTK bro Landerne Daoulaz;CA du Pays de Landerneau Daoulas;Plouziri;Ploudiry;;;;;;;;;;;;;;;;;;;;;24,00%;24,00%;33,30%;40,40%;65,70%;66,67%
29181;29;Bro Brest;Pays de Brest;KTK bro Landerne Daoulaz;CA du Pays de Landerneau Daoulas;Plouedern;Plouedern;;;;;;;;;;;;;;;;;;;;;;5,50%;7,50%;9,50%;12,40%;13,73%
29185;29;Bro Montroulez;Pays de Morlaix;Gorre-Leon Kumuniezh;CC Haut-Léon Communauté;Ploueskad;Plouescat;13,50%;9,30%;11,50%;13,30%;14,60%;17,30%;16,40%;16,60%;17,70%;17,00%;16,30%;16,30%;17,20%;15,40%;15,60%;16,00%;14,80%;15,80%;15,40%;17,40%;15,60%;15,40%;15,10%;13,20%;11,50%;10,65%
29188;29;Bro Montroulez;Pays de Morlaix;Montroulez Kumuniezh;Morlaix Communauté;Plouganoù;Plougasnou;;;;;;;;;;;;;;;;;;;;;;;;5,90%;8,60%;10,50%
29189;29;Bro Brest;Pays de Brest;Brest Meurgêr;Brest Métropole;Plougastell-Daoulaz;Plougastel-Daoulas;8,90%;10,60%;11,60%;12,80%;14,10%;14,70%;15,70%;17,00%;17,30%;19,00%;19,90%;21,20%;22,80%;22,10%;23,20%;22,60%;23,10%;23,50%;22,90%;24,70%;25,30%;27,20%;26,40%;26,70%;29,50%;31,90%
29190;29;Bro Brest;Pays de Brest;KK bro an Hirwazh;CC du Pays d'Iroise;Plougonvelen;Plougonvelin;;;;;;;;;5,80%;8,40%;10,90%;14,60%;14,80%;16,00%;18,40%;16,20%;16,10%;15,60%;16,30%;15,90%;17,40%;19,40%;16,90%;14,50%;15,20%;14,03%
29195;29;Bro Brest;Pays de Brest;KK bro an Aberioù;CC du Pays des Abers;Plougerne;Plouguerneau;10,20%;10,80%;13,30%;12,90%;12,70%;12,70%;11,90%;12,30%;11,80%;12,50%;12,90%;13,20%;14,10%;13,90%;15,20%;14,70%;15,40%;15,10%;15,70%;17,10%;19,10%;19,20%;21,20%;22,70%;23,50%;24,86%
29202;29;Bro Montroulez;Pays de Morlaix;Montroulez Kumuniezh;Morlaix Communauté;Plouneour-Menez;Plounéour-Ménez;;;;;;;;;;;;;;;11,50%;12,70%;16,80%;17,90%;23,30%;28,50%;35,40%;38,60%;37,10%;39,10%;37,70%;43,22%
29207;29;Bro Montroulez;Pays de Morlaix;Montroulez Kumuniezh;Morlaix Communauté;Plourin-Montroulez;Plourin-lès-Morlaix;;;;;;;;;;;;;;;;;;;;;;4,70%;5,10%;6,90%;6,90%;8,31%
29209;29;Bro Brest;Pays de Brest;KK bro an Aberioù;CC du Pays des Abers;Plouvien;Plouvien;12,90%;15,20%;15,50%;15,20%;15,00%;14,80%;14,50%;12,30%;8,90%;7,50%;;;;;;;;;;;;;;;;0,00%
29210;29;Bro Montroulez;Pays de Morlaix;KK bro Landivizio;CC du Pays de Landivisiau;Plouvorn;Plouvorn ;;;;;;;;4,70%;6,80%;9,90%;17,70%;19,30%;25,10%;26,40%;29,00%;26,60%;24,50%;25,20%;22,70%;20,30%;19,80%;21,40%;18,70%;19,90%;22,80%;22,50%
29212;29;Bro Brest;Pays de Brest;Brest Meurgêr;Brest Métropole;Plouzane;Plouzané;;;;;1,40%;1,60%;2,70%;2,90%;3,50%;4,10%;4,50%;4,50%;4,50%;4,50%;5,10%;5,70%;6,10%;6,60%;6,50%;7,50%;7,70%;9,40%;9,50%;10,10%;11,20%;10,20%
29215;29;Bro Gerne;Pays de Cornouaille;KK gorre ar Vro Vigoudenn;CC du Haut Pays Bigouden;Plozeved;Plozévet;;;;;;;;;9,60%;17,70%;18,60%;24,30%;25,30%;27,20%;29,70%;29,00%;26,00%;27,20%;24,90%;25,50%;26,70%;24,60%;16,80%;12,40%;14,30%;18,18%
29216;29;Bro Gerne;Pays de Cornouaille;Kemper Breizh-Izel;Quimper Bretagne Occidentale;Pluguen;Pluguffan;;;;;;;;;;;;;;2,90%;4,60%;5,00%;6,50%;7,70%;9,20%;10,30%;10,30%;12,20%;13,00%;13,60%;15,20%;16,63%
29218;29;Bro Gerne;Pays de Cornouaille;KK bro ar C'hab - Beg ar Raz;CC Cap Sizun - Pointe du Raz;Pontekroaz;Pont-Croix;;;;;;;;;;;;;;;;;7,60%;11,70%;14,50%;20,00%;23,00%;25,40%;28,40%;31,70%;36,30%;35,78%
29220;29;Bro Gerne;Pays de Cornouaille;KK su ar Vro Vigoudenn;CC du Pays Bigouden Sud;Pont-'n-Abad;Pont-l'Abbé;4,20%;4,40%;4,70%;5,70%;5,30%;5,20%;4,90%;5,20%;5,20%;5,10%;5,60%;6,20%;6,50%;6,20%;6,10%;6,50%;6,30%;6,30%;7,50%;5,90%;4,40%;3,70%;3,20%;4,00%;4,10%;2,66%
29227;29;Bro Kornôg-Kreiz-Breizh;Pays du Centre-Ouest-Bretagne;Poc’hêr kumuniezh;Poher Communauté;Poullaouen;Poullaouen;;;;;;;;;;;;14,20%;12,90%;19,40%;19,40%;18,50%;19,00%;17,10%;16,40%;21,10%;15,20%;14,90%;14,30%;16,30%;16,30%;20,00%
29230;29;Bro Gerne;Pays de Cornouaille;Kemperle Kumuniezh;Quimperlé Communauté;Kerien;Querrien;;;;;;;;;;;;;11,10%;12,50%;14,20%;12,50%;13,70%;17,10%;24,10%;26,80%;31,80%;29,60%;29,00%;32,30%;32,70%;34,91%
29232;29;Bro Gerne;Pays de Cornouaille;Kemper Breizh-Izel;Quimper Bretagne Occidentale;Kemper;Quimper;2,50%;2,90%;3,30%;3,50%;3,70%;3,90%;4,20%;4,50%;4,70%;4,60%;5,00%;5,30%;5,70%;6,00%;5,90%;6,50%;6,80%;6,80%;7,40%;7,40%;7,40%;7,40%;8,00%;8,90%;8,70%;9,20%
29233;29;Bro Gerne;Pays de Cornouaille;Kemperle Kumuniezh;Quimperlé Communauté;Kemperle;Quimperlé;3,70%;3,70%;3,20%;3,20%;2,80%;3,00%;3,10%;3,10%;2,90%;3,20%;4,10%;5,00%;6,10%;6,60%;7,70%;8,20%;9,00%;9,10%;8,50%;8,20%;8,20%;8,30%;7,90%;8,00%;8,60%;8,33%
29234;29;Bro Gerne;Pays de Cornouaille;Kemperle Kumuniezh;Quimperlé Communauté;Redene;Rédené;;;;;;;;;;;;;;;;;;;;;;;3,80%;6,60%;9,10%;11,27%
29235;29;Bro Brest;Pays de Brest;Brest Meurgêr;Brest Métropole;Releg-Kerhuon (ar);Relecq-Kerhuon (le);;;;;;;;;;;;;1,80%;2,80%;3,70%;4,20%;5,40%;6,40%;7,20%;8,20%;9,00%;10,50%;9,90%;10,90%;10,70%;11,15%
29237;29;Bro Brest;Pays de Brest;KTK bro Landerne Daoulaz;CA du Pays de Landerneau Daoulas;Roc'h-Morvan (ar);Roche-Maurice;;;;;;;;;;;;;;;;;;9,10%;15,10%;18,70%;24,20%;26,70%;29,80%;28,50%;30,90%;32,93%
29239;29;Bro Montroulez;Pays de Morlaix;Gorre-Leon Kumuniezh;CC Haut-Léon Communauté;Rosko;Roscoff;;;;6,90%;10,30%;13,70%;14,10%;14,70%;19,10%;18,40%;20,20%;19,10%;21,70%;22,60%;21,40%;21,90%;24,50%;27,60%;26,80%;22,50%;24,50%;21,60%;19,70%;17,70%;17,80%;17,44%
29241;29;Bro Gerne;Pays de Cornouaille;Konk-Kerne Tolpad-kêrioù;Concarneau Cornouaille Agglomération;Rosporden;Rosporden;;;;;;;;;;;;;;;;;;;;;;1,00%;1,90%;2,00%;3,50%;4,55%
29245;29;Bro Brest;Pays de Brest;KTK bro Landerne Daoulaz;CA du Pays de Landerneau Daoulas;Sant-Divi;Saint-Divy;;;;;;;;;;;;;;;;;;;;;9,10%;11,20%;13,40%;15,30%;18,40%;19,67%
29247;29;Bro Gerne;Pays de Cornouaille;KK bro Fouenant;CC du Pays Fouesnantais;Sant-Evarzeg;Saint-Evarzec;;;;;;;;;;;;;;;;;;;;;;;;3,00%;3,60%;0,94%
29254;29;Bro Montroulez;Pays de Morlaix;Montroulez Kumuniezh;Morlaix Communauté;Sant-Martin-war-ar-Maez;Saint-Martin-des-Champs;;;;;;;;;;;;;5,30%;5,90%;8,00%;11,30%;11,80%;14,50%;15,80%;14,20%;14,60%;16,10%;17,50%;17,50%;17,60%;16,22%
29259;29;Bro Montroulez;Pays de Morlaix;Gorre-Leon Kumuniezh;CC Haut-Léon Communauté;Kastell-Paol;Saint-Pol-de-Léon;6,50%;7,60%;9,00%;12,60%;13,20%;14,90%;17,00%;18,40%;19,80%;19,70%;20,90%;21,40%;22,90%;22,20%;19,80%;19,70%;20,70%;19,20%;19,00%;19,10%;18,60%;15,90%;15,10%;13,80%;15,00%;14,94%
29260;29;Bro Brest;Pays de Brest;KK bro an Hirwazh;CC du Pays d'Iroise;Lokournan;Saint-Renan;;;;;;;;;;0,80%;2,80%;5,80%;9,20%;11,20%;13,00%;13,20%;12,50%;13,90%;13,10%;12,90%;14,20%;14,10%;14,10%;14,20%;13,60%;13,29%
29261;29;Bro Kornôg-Kreiz-Breizh;Pays du Centre-Ouest-Bretagne;Menez Are Kumuniezh;Monts d'Arrée Communauté;Sant-Riwal;Saint-Rivoal;100,00%;100,00%;100,00%;100,00%;100,00%;100,00%;100,00%;100,00%;100,00%;100,00%;100,00%;100,00%;100,00%;100,00%;100,00%;100,00%;100,00%;100,00%;100,00%;100,00%;100,00%;100,00%;97,80%;100,00%;100,00%;100,00%
29266;29;Bro Montroulez;Pays de Morlaix;Montroulez Kumuniezh;Morlaix Communauté;Sant-Tegoneg-Logeginer;Saint-Thégonnec-Loc-Éguiner;;;;;;;;;;;;;;5,60%;6,70%;10,90%;14,30%;16,00%;20,40%;23,30%;24,70%;26,00%;25,10%;25,40%;22,20%;23,15%
29274;29;Bro Gerne;Pays de Cornouaille;Kemperle Kumuniezh;Quimperlé Communauté;Skaer;Scaër;6,90%;6,80%;8,00%;9,60%;10,10%;10,60%;9,80%;10,10%;11,50%;11,60%;12,40%;13,90%;11,60%;12,90%;12,40%;11,20%;10,60%;13,00%;14,30%;13,60%;12,50%;12,60%;13,30%;14,90%;11,80%;12,05%
29277;29;Bro Montroulez;Pays de Morlaix;KK bro Landivizio;CC du Pays de Landivisiau;Sizun;Sizun;;;;;;7,70%;10,90%;13,40%;16,30%;19,70%;19,70%;22,40%;24,00%;26,00%;29,30%;28,30%;27,70%;26,00%;27,00%;29,10%;27,60%;28,50%;29,40%;30,10%;31,20%;30,34%
29279;29;Bro Montroulez;Pays de Morlaix;Montroulez Kumuniezh;Morlaix Communauté;Taole;Taulé;;;;;;;;;;;;;;;;;;;;;;;;7,70%;7,30%;7,50%
29290;29;Bro Brest;Pays de Brest;KK bro an Aberioù;CC du Pays des Abers;Treglonoù;Tréglonou;;;;;;;;;;;;;;;;;;;;;;;;;;0,00%
29293;29;Bro Gerne;Pays de Cornouaille;Konk-Kerne Tolpad-kêrioù;Concarneau Cornouaille Agglomération;Tregon;Trégunc;11,00%;11,30%;13,20%;10,60%;9,10%;9,80%;7,70%;7,40%;6,80%;7,20%;5,90%;6,00%;6,20%;5,40%;5,00%;6,50%;7,50%;7,10%;8,00%;9,20%;9,30%;10,90%;11,40%;11,40%;14,40%;13,57%
29297;29;Bro Gerne;Pays de Cornouaille;Kemperle Kumuniezh;Quimperlé Communauté;Tremeven;Tréméven;;;;;;;9,70%;12,10%;18,30%;24,10%;27,60%;32,00%;33,00%;34,50%;36,60%;35,40%;35,70%;34,20%;32,00%;34,70%;36,60%;39,00%;39,60%;40,60%;34,10%;38,92%
35006;35;Bro Gwitreg;Pays de Vitré;Gwitreg Kumuniezh;Vitré Communauté;Argantred-ar-Genkiz;Argentré-du-Plessis;;;;;;;;;;;;;;;;;;;;2,80%;2,90%;3,90%;4,50%;4,60%;5,90%;7,66%
35031;35;Bro Roazhon;Pays de Rennes;Liverieg-Hiliber Kumuniezh;Liffré-Cormier Communauté;Beuzid-ar-C'hoadoù;Bouëxière;;;;;;;;;;;;;;;;;;;4,20%;6,60%;11,30%;12,60%;16,50%;20,10%;21,40%;22,22%
35047;35;Bro Roazhon;Pays de Rennes;Roazhon Meurgêr;Rennes Métropole;Bruz;Bruz ;;;;;1,10%;2,00%;2,20%;2,40%;3,20%;3,80%;4,90%;5,00%;6,00%;5,90%;6,70%;6,90%;6,90%;6,40%;6,70%;6,50%;6,80%;6,40%;6,30%;5,90%;6,40%;7,10%
35068;35;Bro Gwitreg;Pays de Vitré;Gwitreg Kumuniezh;Vitré Communauté;Kastell-Bourc'h;Châteaubourg;;;;;;;;;;;;;;2,10%;2,20%;3,50%;4,10%;4,50%;5,10%;5,60%;6,10%;6,80%;5,60%;6,70%;6,90%;6,77%
35093;35;Bro Sant-Maloù;Pays de Saint-Malo;KK Aod an Emrodez;CC de la Côte d'Emeraude;Dinarzh;Dinard;;;;;;;;;;;;;;;;;;;;;3,20%;5,40%;7,20%;8,00%;7,90%;9,38%
35115;35;Bro Felger;Pays de Fougères;Felger Tolpad-kêrioù;Fougères Agglomération;Felger;Fougères;;;;;;;;;;;;;;;0,70%;1,30%;1,80%;2,00%;2,30%;2,00%;2,00%;1,20%;1,20%;1,40%;1,50%;1,46%
35123;35;Bro Traoñiennoù ar Gwilen;Pays des Valons de Vilaine;Traoñiennoù Breizh-Uhel Kumuniezh;Vallons de Haute-Bretagne Communauté;Goven;Goven;;;;;;;;;;;;;;;;;;;;3,60%;4,80%;6,80%;8,00%;8,60%;9,80%;10,07%
35125;35;Bro Gwitreg;Pays de Vitré;Gwitreg Kumuniezh;Vitré Communauté;Gwerc'h-Breizh;Guerche-de-Bretagne;;;;;;;;;;;;;;;;;;;2,10%;2,10%;2,30%;3,50%;4,40%;5,60%;5,00%;3,83%
35128;35;Bro Roazhon;Pays de Rennes;KK Traoñ an Il-Elvinieg;CC du Val d'Ille-Aubigné;Gwipedel;Guipel;;;;;;;;;;;;;;;;;;8,20%;16,80%;18,60%;14,90%;14,50%;15,70%;18,10%;20,10%;19,00%
35152;35;Bro Roazhon;Pays de Rennes;Liverieg-Hiliber Kumuniezh;Liffré-Cormier Communauté;Liverieg;Liffré;;;;;;;;;;;;;;;;;2,70%;4,90%;7,60%;8,80%;9,10%;9,60%;9,00%;8,30%;7,80%;8,39%
35168;35;Bro Traoñiennoù ar Gwilen;Pays des Valons de Vilaine;Traoñiennoù Breizh-Uhel Kumuniezh;Vallons de Haute-Bretagne Communauté;Traoñ-Anast;Val-d'Anast;;;;;;;;;;;;;;;;;;;2,30%;4,70%;6,00%;8,10%;8,60%;10,40%;11,00%;12,75%
35177;35;Bro Roazhon;Pays de Rennes;KK Traoñ an Il-Elvinieg;CC du Val d'Ille-Aubigné;Magoer;Mézière;;;;;;;;;;0,80%;1,40%;1,90%;2,80%;3,00%;1,60%;2,10%;2,70%;;;;;;;;;0,00%
35308;35;Bro Sant-Maloù;Pays de Saint-Malo;KK Breizh ar Romantourien;CC Bretagne Romantique;Mesnil-Roc'h;Mesnil-Roc'h;;;;;;;;;;;;;;;;;;;;;;;;;2,20%;3,95%
35188;35;Bro Breselien;Pays de Brocéliande;Moñforzh Kumuniezh;Montfort Communauté;Moñforzh;Montfort-sur-Meu;;;;;;;;;;;;;;;;;;1,80%;3,60%;4,30%;5,30%;7,30%;7,90%;6,80%;7,60%;9,12%
35196;35;Bro Roazhon;Pays de Rennes;Roazhon Meurgêr;Rennes Métropole;Morzhell;Mordelles;;;;;;;;;;;;;;;;;;;;;;1,80%;2,80%;5,30%;6,60%;7,73%
35208;35;Bro Roazhon;Pays de Rennes;Roazhon Meurgêr;Rennes Métropole;An Heizeg;Orgères;;;;;;;;;;;;;;;;;;;;;4,10%;5,40%;6,70%;8,20%;8,80%;6,91%
35227;35;Bro Breselien;Pays de Brocéliande;Moñforzh Kumuniezh;Montfort Communauté;Pleveleg;Pleumeleuc;;;;;;;;;;;;;;;;;;;;;4,30%;6,30%;7,40%;10,00%;9,60%;12,13%
35228;35;Bro Sant-Maloù;Pays de Saint-Malo;KK Aod an Emrodez;CC de la Côte d'Emeraude;Pleurestud;Pleurtuit;;;;;;;;;;;;;;;;;;;;;;3,00%;3,80%;1,70%;3,20%;3,27%
35236;35;Bro Redon;Pays de Redon;KK bro Redon;CC du Pays de Redon;Redon;Redon;1,00%;4,10%;8,50%;10,60%;11,70%;12,10%;11,80%;13,50%;13,80%;14,30%;14,70%;13,60%;13,10%;12,80%;12,10%;11,00%;10,60%;10,70%;10,20%;10,30%;11,10%;11,20%;11,30%;12,60%;13,80%;15,18%
35238;35;Bro Roazhon;Pays de Rennes;Roazhon Meurgêr;Rennes Métropole;Roazhon;Rennes;3,40%;1,60%;1,90%;2,40%;2,20%;2,30%;2,60%;2,70%;2,80%;2,90%;2,90%;2,90%;3,00%;3,00%;3,10%;3,20%;3,20%;3,20%;3,30%;3,30%;3,40%;3,70%;3,80%;4,00%;4,20%;4,39%
35281;35;Bro Roazhon;Pays de Rennes;Roazhon Meurgêr;Rennes Métropole;Sant-Jakez-al-Lann;Saint-Jacques-de-la-Lande;;;;;;;;;;;;;;;;;;;;;;;;1,90%;2,10%;2,77%
35288;35;Bro Sant-Maloù;Pays de Saint-Malo;Sant-Maloù Tolpad-kêrioù;Saint Malo Agglomération;Sant-Maloù;Saint-Malo;;1,00%;1,50%;0,80%;0,80%;0,70%;0,60%;0,60%;0,70%;0,60%;0,80%;0,70%;0,80%;0,90%;0,90%;0,80%;0,70%;0,80%;0,90%;0,90%;1,20%;1,20%;1,20%;1,30%;1,40%;1,33%
35294;35;Bro Redon;Pays de Redon;KK bro Redon;CC du Pays de Redon;Lokmaria-Redon;Sainte-Marie;;;;;;;;;;;17,00%;15,90%;19,40%;19,10%;20,30%;20,80%;17,00%;15,30%;14,50%;15,00%;13,70%;13,90%;15,90%;16,40%;18,80%;17,55%
35334;35;Bro Roazhon;Pays de Rennes;Roazhon Meurgêr;Rennes Métropole;Torigneg-Fouilharzh;Thorigné-Fouillard;;;;;;;;;;;;;;;;;;;;;;;2,60%;2,20%;2,80%;4,05%
35352;35;Bro Roazhon;Pays de Rennes;Roazhon Meurgêr;Rennes Métropole;Gwern-ar-Sec'h;Vern-sur-Seiche;;;;;;;;;;;;;;;;;;2,10%;2,40%;4,20%;4,90%;4,90%;4,40%;3,60%;3,70%;2,82%
35360;35;Bro Gwitreg;Pays de Vitré;Gwitreg Kumuniezh;Vitré Communauté;Gwitreg;Vitré;;;;;;;;;1,10%;1,80%;2,40%;2,30%;2,90%;3,30%;3,90%;4,20%;4,30%;3,90%;3,70%;4,10%;3,90%;3,80%;4,30%;4,30%;4,50%;5,10%
44015;44;Bro Kreiz Liger-Atlantel;Pays de Loire-Atlantique Centre;KK bro Blaen;CC de la Région de Blain;Blaen;Blain;;;;;;;;;;;;;;;;;;;;;1,50%;2,30%;2,90%;3,10%;4,00%;4,48%
44069;44;Bro-Wenn hag ar Briver;Pays-Blanc et Brière;KTK Kab-Atlantel;CA Cap-Atlantique;Gwenrann;Guérande;0,80%;1,50%;1,70%;1,60%;1,40%;1,40%;1,50%;1,50%;2,20%;2,00%;1,50%;1,50%;1,50%;1,60%;2,30%;2,20%;2,10%;2,40%;2,10%;2,70%;2,30%;1,90%;2,00%;2,00%;2,20%;2,45%
44109;44;Bro Naoned;Pays de Nantes;Naoned Meurgêr;Nantes Métropole;Naoned;Nantes;0,60%;0,80%;0,90%;1,10%;1,20%;1,30%;1,40%;1,30%;1,30%;1,40%;1,40%;1,60%;1,60%;1,70%;1,80%;1,80%;1,80%;1,80%;1,80%;1,70%;1,60%;1,70%;1,70%;1,60%;1,70%;1,71%
44131;44;Bro Raez;Pays de Retz;Pornizh Tolpad Bro-Raez;Pornic Agglo Pays de Retz;Pornizh;Pornic;;;;;;;;;;;;;;1,10%;;;;;;;;;;;;0,00%
44137;44;Bro Kreiz Liger-Atlantel;Pays de Loire-Atlantique Centre;KK Aber hag Erv;CC Estuaire et Sillon;Prevenkel;Prinquiau;;;;;;;;;;;;;;;;;;;;;;;;;1,70%;0,00%
44154;44;Bro Raez;Pays de Retz;KK Su an Aber;CC du Sud Estuaire;Sant-Brewenn;Saint-Brévin-les-Pins;;;;;;;;;;;;;;;;;;;;;;;;;0,80%;1,23%
44162;44;Bro Naoned;Pays de Nantes;Naoned Meurgêr;Nantes Métropole;Sant-Ervlan;Saint-Herblain;;;;;;;;;;;;;;0,00%;0,00%;0,00%;0,00%;0,70%;1,10%;1,70%;2,00%;2,20%;3,00%;3,30%;3,80%;4,17%
44184;44;Bro-Wenn hag ar Briver;Pays-Blanc et Brière;KTK bro Sant-Nazer hag an Aber;CA de la Région Nazairienne et de l'Estuaire;Sant-Nazer;Saint-Nazaire;0,50%;0,40%;0,40%;0,40%;0,50%;0,40%;0,50%;0,50%;0,40%;0,40%;0,40%;0,50%;0,50%;0,40%;0,50%;0,50%;0,40%;0,50%;0,40%;0,70%;0,80%;0,70%;0,50%;0,90%;1,00%;0,95%
44195;44;Bro Kreiz Liger-Atlantel;Pays de Loire-Atlantique Centre;KK Aber hag Erv;CC Estuaire et Sillon;Savenneg;Savenay;;;;;;;;;;;0,60%;1,00%;2,40%;1,80%;0,90%;1,20%;1,30%;1,60%;2,30%;2,30%;2,30%;0,90%;1,30%;0,80%;;0,00%
56001;56;Bro Redon;Pays de Redon;KK bro Redon;CC du Pays de Redon;Alaer;Allaire;;;;;;;;;;;;;;;;;;;;4,10%;5,50%;5,20%;6,00%;7,00%;8,00%;9,00%
56007;56;Bro an Alre;Pays d'Auray;An Alre Kiberen Douar Atlantel;Auray Quiberon Terre Atlantique;Alre (an);Auray;2,30%;1,80%;1,60%;1,50%;1,00%;1,60%;3,00%;3,30%;3,40%;3,30%;3,50%;3,10%;3,00%;5,00%;3,90%;4,60%;6,00%;6,90%;8,70%;8,70%;10,10%;10,60%;10,60%;10,70%;11,30%;11,79%
56010;56;Bro Pondi;Pays de Pontivy;Baod Kumuniezh ;Baud Communauté;Baod;Baud;10,00%;10,60%;10,10%;11,10%;9,90%;7,20%;8,40%;7,60%;9,90%;10,70%;11,10%;11,20%;12,70%;13,20%;13,80%;14,00%;14,00%;12,90%;12,20%;12,30%;12,40%;14,60%;14,70%;15,50%;16,40%;16,18%
56017;56;Bro Pondi;Pays de Pontivy;Kreiz ar Mor-Bihan Kumuniezh;Centre Morbihan Communauté;Begnen;Bignan;;37,00%;14,80%;16,20%;20,30%;19,40%;21,50%;19,60%;18,70%;17,40%;16,80%;14,90%;15,70%;17,20%;16,10%;18,50%;17,80%;22,00%;19,00%;9,60%;7,60%;9,40%;11,30%;12,40%;8,60%;7,11%
56023;56;Bro an Alre;Pays d'Auray;An Alre Kiberen Douar Atlantel;Auray Quiberon Terre Atlantique;Brec'h;Brec'h;13,80%;15,10%;15,60%;14,60%;19,90%;21,50%;20,20%;21,60%;19,80%;18,60%;24,00%;22,10%;23,70%;21,40%;22,30%;21,50%;23,40%;23,40%;20,20%;20,80%;19,90%;18,20%;18,40%;19,20%;18,10%;16,02%
56032;56;Bro Ploermael;Pays de Ploërmel;Ploermael Kumuniezh;Ploërmel Communauté;Kempenieg;Campénéac;;;;;;;;;;;;;;;;;;;;;;;3,90%;4,90%;6,50%;4,43%
56034;56;Bro an Alre;Pays d'Auray;An Alre Kiberen Douar Atlantel;Auray Quiberon Terre Atlantique;Karnag;Carnac;9,00%;8,00%;11,10%;11,60%;11,30%;12,90%;13,00%;12,70%;10,30%;11,00%;11,90%;9,40%;9,30%;8,10%;10,10%;11,30%;10,70%;9,30%;11,60%;11,00%;11,70%;12,30%;14,50%;14,60%;15,50%;13,55%
56036;56;Bro an Oriant;Pays de Lorient;An Oriant Tolpad-kêrioù;Lorient Agglomération;Kaodan;Caudan;;;;;;;;;;;;;;;3,50%;5,20%;6,60%;9,70%;10,90%;13,10%;14,20%;16,20%;15,70%;16,20%;15,70%;15,50%
56041;56;Bro Pondi;Pays de Pontivy;Pondi Kumuniezh;Pontivy Communauté;Klegereg;Cléguérec;;;;;;8,60%;11,90%;11,60%;14,60%;13,90%;15,40%;13,30%;14,40%;14,80%;16,30%;13,00%;14,80%;15,50%;11,80%;13,20%;13,10%;13,80%;17,60%;19,10%;16,80%;17,81%
56057;56;Bro Kornôg-Kreiz-Breizh;Pays du Centre-Ouest-Bretagne;Roue Morvan Kumuniezh;Roi Morvan Communauté;Faoued (ar);Faouët;6,60%;7,40%;8,80%;9,80%;11,00%;12,80%;12,70%;13,40%;13,50%;14,20%;12,50%;12,40%;11,30%;11,00%;10,70%;8,20%;8,50%;10,30%;8,10%;0,00%;;;;;9,50%;13,74%
56066;56;Bro Kornôg-Kreiz-Breizh;Pays du Centre-Ouest-Bretagne;Roue Morvan Kumuniezh;Roi Morvan Communauté;Gourin;Gourin;15,80%;16,30%;18,80%;22,60%;17,90%;16,00%;15,00%;15,40%;16,30%;18,30%;18,70%;20,40%;20,60%;20,40%;22,30%;22,00%;18,40%;21,20%;22,40%;24,00%;22,20%;18,20%;17,60%;15,80%;15,70%;13,96%
56067;56;Bro Kêr-Wened;Pays de Vannes;Mor Bihan - Gwened tolpad-kêrioù;Golfe du Morbihan - Vannes agglomération;Gregam;Grand-Champ;5,90%;6,40%;7,70%;6,90%;5,80%;6,30%;7,30%;7,10%;7,20%;7,80%;8,00%;9,20%;9,30%;10,50%;10,40%;11,10%;9,50%;9,70%;8,90%;9,80%;11,50%;12,10%;15,20%;15,40%;15,10%;13,71%
56070;56;Bro Ploermael;Pays de Ploërmel;Ploermael Kumuniezh;Ploërmel Communauté;Gwegon;Guégon;;21,20%;23,00%;33,00%;36,40%;39,30%;36,90%;36,20%;35,50%;35,20%;35,90%;39,40%;36,10%;35,20%;35,50%;33,50%;30,00%;29,90%;34,00%;33,80%;37,60%;26,90%;29,20%;27,70%;26,80%;25,47%
56078;56;Bro an Oriant;Pays de Lorient;An Oriant Tolpad-kêrioù;Lorient Agglomération;Gwidel;Guidel;4,10%;5,20%;6,20%;6,40%;6,20%;6,50%;6,90%;5,60%;6,40%;6,40%;6,80%;8,20%;7,70%;7,70%;7,70%;8,30%;9,50%;10,80%;11,90%;12,80%;12,20%;13,30%;14,20%;13,90%;13,70%;13,15%
56083;56;Bro an Oriant;Pays de Lorient;An Oriant Tolpad-kêrioù;Lorient Agglomération;Henbont;Hennebont;2,70%;2,30%;2,40%;3,00%;3,30%;3,60%;4,20%;4,50%;5,60%;5,50%;6,00%;5,30%;6,70%;8,60%;10,10%;10,50%;9,70%;9,70%;9,50%;8,40%;10,20%;10,50%;10,50%;10,70%;11,50%;12,10%
56090;56;Bro an Oriant;Pays de Lorient;An Oriant Tolpad-kêrioù;Lorient Agglomération;Zinzag-Lokrist;Inzinzac-Lochrist;;;;;;;;;;;;;;;;;;;;;;;1,50%;1,70%;2,40%;3,45%
56091;56;Bro Ploermael;Pays de Ploërmel;Ploermael Kumuniezh;Ploërmel Communauté;Josilin;Josselin;;;;;9,00%;10,20%;13,70%;15,40%;17,10%;16,10%;14,60%;12,20%;15,00%;11,60%;14,30%;13,40%;13,90%;14,00%;13,80%;16,20%;17,00%;15,10%;13,70%;12,30%;11,40%;6,23%
56094;56;Bro an Oriant;Pays de Lorient;Blavezh Gwelmeur Mor Bras Kumuniezh;Blavet Bellevue Océan Communauté;Kervignag;Kervignac;;;;;;;;;;;;;;;;;;;;;;1,70%;2,30%;2,50%;4,20%;4,11%
56097;56;Bro an Alre;Pays d'Auray;An Alre Kiberen Douar Atlantel;Auray Quiberon Terre Atlantique;Landevan;Landévant;;;;;;;;;;;;;;;;;;4,40%;7,40%;10,40%;12,70%;14,30%;14,90%;14,70%;17,00%;16,41%
56098;56;Bro an Oriant;Pays de Lorient;An Oriant Tolpad-kêrioù;Lorient Agglomération;Lannarstêr;Lanester;3,80%;4,80%;4,90%;5,30%;5,90%;6,00%;5,60%;5,50%;5,80%;5,70%;5,80%;5,00%;4,70%;5,20%;5,20%;5,50%;5,10%;5,70%;6,10%;6,60%;6,00%;5,60%;5,90%;6,50%;6,40%;7,00%
56100;56;Bro Kornôg-Kreiz-Breizh;Pays du Centre-Ouest-Bretagne;Roue Morvan Kumuniezh;Roi Morvan Communauté;Langoned;Langonnet;;;;;;;;;;;;;;11,30%;10,30%;15,10%;15,10%;15,40%;16,90%;16,20%;21,30%;25,00%;32,00%;42,70%;43,60%;49,44%
56101;56;Bro an Oriant;Pays de Lorient;An Oriant Tolpad-kêrioù;Lorient Agglomération;Langedig;Languidic;;;5,00%;9,10%;9,50%;13,00%;14,80%;17,90%;18,40%;18,10%;18,40%;20,30%;19,70%;20,50%;19,60%;18,70%;18,70%;19,30%;19,30%;19,60%;19,30%;21,00%;20,70%;18,80%;18,90%;19,34%
56104;56;Bro an Oriant;Pays de Lorient;An Oriant Tolpad-kêrioù;Lorient Agglomération;Lanvodan;Lanvaudan;;;;;;;;;;;;;;;;;;;;;22,00%;16,70%;27,00%;22,90%;19,70%;19,74%
56109;56;Bro Kêr-Wened;Pays de Vannes;Kistreberzh Kumuniezh;Questembert Communauté;Laozag;Lauzach;;;;;;;;;;;;;;;;;;;;;;8,50%;13,60%;13,90%;19,20%;20,00%
56117;56;Bro Pondi;Pays de Pontivy;Kreiz ar Mor-Bihan Kumuniezh;Centre Morbihan Communauté;Logunec'h;Locminé;;;;;3,90%;7,60%;8,60%;8,70%;12,40%;14,40%;16,00%;18,40%;17,70%;18,10%;18,50%;17,10%;16,50%;16,10%;15,50%;17,00%;17,40%;16,70%;16,60%;17,60%;15,70%;15,30%
56118;56;Bro an Oriant;Pays de Lorient;An Oriant Tolpad-kêrioù;Lorient Agglomération;Lokmikaelig;Locmiquélic;;;;;;;;;;;;;;;;;;;;;6,00%;8,70%;8,50%;10,20%;13,40%;16,32%
56119;56;Bro an Alre;Pays d'Auray;An Alre Kiberen Douar Atlantel;Auray Quiberon Terre Atlantique;Lokoal-Mendon;Locoal-Mendon;8,90%;8,70%;9,20%;8,50%;12,20%;12,30%;15,70%;17,00%;17,60%;17,80%;20,40%;19,40%;21,90%;22,20%;23,00%;22,90%;23,60%;24,20%;22,90%;23,50%;23,40%;21,80%;20,60%;18,50%;17,60%;15,71%
56121;56;Bro an Oriant;Pays de Lorient;An Oriant Tolpad-kêrioù;Lorient Agglomération;Oriant (an);Lorient ;2,50%;2,50%;3,10%;3,50%;3,60%;3,30%;3,70%;3,80%;3,50%;2,70%;3,30%;3,70%;4,00%;4,50%;4,60%;4,70%;4,80%;4,90%;4,90%;5,50%;6,10%;6,20%;7,10%;7,80%;8,20%;8,96%
56127;56;Bro Ploermael;Pays de Ploërmel;Ploermael Kumuniezh;Ploërmel Communauté;Maoron;Mauron;;17,10%;7,10%;10,10%;8,50%;7,00%;9,70%;8,70%;6,30%;6,40%;6,70%;8,70%;10,60%;9,20%;11,20%;12,10%;10,10%;10,10%;9,60%;7,70%;7,50%;9,50%;8,10%;7,90%;8,30%;8,50%
56128;56;Bro Pondi;Pays de Pontivy;Baod Kumuniezh ;Baud Communauté;Mêlrant;Melrand ;;;;;;;;26,00%;24,00%;31,40%;30,00%;30,00%;27,60%;27,90%;26,00%;25,60%;25,80%;23,10%;26,00%;25,40%;25,20%;26,30%;29,20%;32,80%;38,80%;37,50%
56137;56;Bro Kêr-Wened;Pays de Vannes;Mor Bihan - Gwened tolpad-kêrioù;Golfe du Morbihan - Vannes agglomération;Sterwenn;Monterblanc;;;;;;;;;;;;;;;;;;;;;;5,90%;10,00%;12,60%;17,10%;19,49%
56140;56;Bro Pondi;Pays de Pontivy;Kreiz ar Mor-Bihan Kumuniezh;Centre Morbihan Communauté;Mourieg;Moréac;;34,30%;39,30%;40,30%;46,40%;38,80%;30,10%;27,90%;24,20%;22,10%;20,10%;16,70%;14,70%;13,30%;13,80%;12,80%;13,20%;13,70%;14,40%;16,50%;17,00%;18,80%;18,10%;19,20%;20,20%;20,89%
56143;56;Bro Kêr-Wened;Pays de Vannes;KK Gwareg Su Breizh;CC Arc Sud Bretagne;Muzilheg;Muzillac;;;;;;;;;;;;;4,50%;5,80%;7,10%;7,30%;9,20%;11,10%;10,60%;13,90%;14,60%;14,90%;15,30%;16,20%;17,20%;18,65%
56149;56;Bro Kêr-Wened;Pays de Vannes;KK Gwareg Su Breizh;CC Arc Sud Bretagne;Noal-Muzilheg;Noyal-Muzillac;;;;;;;;;;;;;;;;;;;;;;;;9,90%;17,00%;17,19%
56151;56;Bro Pondi;Pays de Pontivy;Pondi Kumuniezh;Pontivy Communauté;Noal-Pondi;Noyal-Pontivy;;;;;;;;;;;2,10%;3,00%;3,60%;6,50%;6,20%;7,50%;7,90%;0,00%;;;;;;;;0,00%
56153;56;Bro Kêr-Wened;Pays de Vannes;KK Gwareg Su Breizh;CC Arc Sud Bretagne;Pleaol;Péaule;;;;;;;;;;;;;;;;;;;;2,60%;4,50%;6,30%;6,80%;8,50%;10,80%;11,18%
56154;56;Bro Redon;Pays de Redon;KK bro Redon;CC du Pays de Redon;Paolieg;Peillac;;;;;;;;;;;;;;;;;;9,80%;15,50%;17,40%;18,90%;16,80%;19,80%;17,40%;17,50%;13,46%
56158;56;Bro Kêr-Wened;Pays de Vannes;Mor Bihan - Gwened tolpad-kêrioù;Golfe du Morbihan - Vannes agglomération;Pleskob;Plescop;;;;;;;2,80%;8,10%;11,50%;11,40%;11,10%;11,10%;10,90%;10,90%;9,70%;10,50%;10,40%;9,70%;9,40%;10,00%;10,80%;9,40%;9,00%;11,20%;11,60%;11,68%
56161;56;Bro an Alre;Pays d'Auray;An Alre Kiberen Douar Atlantel;Auray Quiberon Terre Atlantique;Pleñver;Ploemel;;;;;;;;;;;;;;;;;;;6,80%;9,50%;11,00%;13,50%;14,20%;13,90%;11,70%;12,54%
56162;56;Bro an Oriant;Pays de Lorient;An Oriant Tolpad-kêrioù;Lorient Agglomération;Plañvour;Ploemeur;;;;;;;;;;;;;;;;1,30%;2,00%;3,90%;5,10%;6,20%;7,10%;9,10%;9,30%;9,60%;9,80%;9,99%
56164;56;Bro Kêr-Wened;Pays de Vannes;Mor Bihan - Gwened tolpad-kêrioù;Golfe du Morbihan - Vannes agglomération;Ploveren;Ploeren;;;;;;;;;;3,50%;5,10%;6,50%;6,80%;8,00%;10,20%;10,10%;9,60%;9,70%;10,30%;14,30%;9,90%;9,80%;10,10%;10,40%;10,40%;10,26%
56165;56;Bro Ploermael;Pays de Ploërmel;Ploermael Kumuniezh;Ploërmel Communauté;Ploermael;Ploërmel;3,50%;2,90%;2,90%;2,70%;2,60%;2,50%;2,50%;2,60%;2,60%;2,60%;2,50%;1,60%;1,60%;2,00%;1,60%;2,00%;2,00%;2,10%;2,20%;2,80%;2,60%;2,10%;2,40%;3,50%;4,60%;4,91%
56166;56;Bro an Oriant;Pays de Lorient;An Oriant Tolpad-kêrioù;Lorient Agglomération;Ploue;Plouay;10,50%;7,90%;7,80%;7,70%;7,40%;7,70%;6,80%;7,60%;10,20%;11,60%;11,20%;9,90%;10,00%;10,90%;12,40%;13,60%;15,40%;16,00%;17,60%;17,60%;18,40%;18,90%;17,00%;17,00%;16,70%;18,75%
56174;56;Bro Pondi;Pays de Pontivy;Kreiz ar Mor-Bihan Kumuniezh;Centre Morbihan Communauté;Pluverin;Plumelin;;;;;;;19,20%;22,10%;21,40%;20,60%;19,30%;18,00%;17,10%;17,10%;20,20%;19,70%;17,80%;16,10%;16,20%;17,50%;17,20%;18,80%;19,00%;19,10%;20,50%;23,32%
56175;56;Bro an Alre;Pays d'Auray;An Alre Kiberen Douar Atlantel;Auray Quiberon Terre Atlantique;Pluvergad;Plumergat;24,70%;25,40%;9,70%;8,70%;8,40%;8,20%;7,30%;6,40%;7,20%;6,50%;5,20%;6,80%;6,60%;5,80%;4,80%;4,80%;6,20%;6,80%;2,90%;0,00%;0,00%;;;;;0,00%
56176;56;Bro an Alre;Pays d'Auray;An Alre Kiberen Douar Atlantel;Auray Quiberon Terre Atlantique;Plunered;Pluneret;3,40%;4,00%;7,20%;8,00%;8,90%;10,00%;10,00%;8,80%;10,00%;12,90%;16,30%;17,40%;19,10%;21,90%;22,90%;24,10%;22,50%;24,40%;24,90%;26,30%;28,00%;27,90%;27,70%;30,40%;30,40%;30,67%
56177;56;Bro an Alre;Pays d'Auray;An Alre Kiberen Douar Atlantel;Auray Quiberon Terre Atlantique;Pleuwigner;Pluvigner;8,10%;8,60%;11,50%;11,10%;9,70%;11,30%;10,20%;8,90%;9,40%;9,70%;11,10%;12,00%;12,60%;11,50%;11,20%;11,50%;11,90%;12,60%;14,80%;15,00%;16,00%;16,00%;16,20%;17,00%;16,50%;17,54%
56178;56;Bro Pondi;Pays de Pontivy;Pondi Kumuniezh;Pontivy Communauté;Pondi;Pontivy;5,60%;6,20%;7,60%;8,40%;9,20%;10,30%;11,50%;11,80%;11,80%;11,30%;11,20%;10,10%;9,80%;10,00%;9,60%;11,10%;9,90%;10,60%;10,50%;11,40%;11,80%;11,20%;10,00%;9,20%;5,80%;6,64%
56179;56;Bro an Oriant;Pays de Lorient;An Oriant Tolpad-kêrioù;Lorient Agglomération;Pont-Skorf;Pont-Scorff;;;10,60%;7,70%;9,00%;9,40%;10,30%;10,70%;10,30%;8,70%;10,80%;9,40%;9,90%;10,80%;11,10%;12,80%;12,00%;13,80%;12,00%;13,10%;13,30%;13,80%;14,30%;15,70%;14,50%;15,20%
56184;56;Bro Kêr-Wened;Pays de Vannes;Kistreberzh Kumuniezh;Questembert Communauté;Kistreberzh;Questembert;;5,00%;3,40%;3,50%;2,80%;2,70%;2,50%;2,70%;2,70%;3,60%;3,50%;3,20%;3,60%;4,00%;4,10%;3,70%;3,20%;6,20%;8,60%;10,60%;14,30%;14,10%;14,80%;15,90%;17,10%;17,62%
56185;56;Bro an Oriant;Pays de Lorient;An Oriant Tolpad-kêrioù;Lorient Agglomération;Kewenn;Quéven ;;;;;;;;1,00%;1,40%;1,80%;2,50%;3,00%;3,50%;2,70%;2,70%;2,70%;3,20%;3,30%;3,40%;3,70%;4,60%;4,10%;4,40%;4,50%;5,20%;6,21%
56193;56;Bro an Oriant;Pays de Lorient;An Oriant Tolpad-kêrioù;Lorient Agglomération;Rianteg;Riantec;;;;;;;;;;;6,70%;7,20%;9,10%;10,20%;12,10%;10,80%;13,00%;12,70%;13,30%;12,70%;13,40%;7,00%;7,50%;8,60%;10,80%;10,70%
56206;56;Bro Kêr-Wened;Pays de Vannes;Mor Bihan - Gwened tolpad-kêrioù;Golfe du Morbihan - Vannes agglomération;Sant-Teve;Saint-Avé;;;7,30%;6,50%;5,50%;18,90%;12,40%;13,40%;14,00%;15,40%;15,70%;14,50%;15,40%;15,50%;14,80%;14,20%;14,10%;14,10%;15,40%;15,70%;15,30%;15,80%;14,20%;14,00%;14,40%;14,15%
56240;56;Bro Kêr-Wened;Pays de Vannes;Mor Bihan - Gwened tolpad-kêrioù;Golfe du Morbihan - Vannes agglomération;Sarzhav;Sarzeau;4,30%;5,20%;5,70%;5,00%;5,00%;4,90%;5,00%;5,60%;4,70%;4,60%;5,00%;2,60%;3,50%;4,80%;6,00%;7,30%;7,50%;7,10%;6,80%;7,00%;7,10%;7,00%;7,00%;8,40%;8,60%;7,89%
56243;56;Bro Kêr-Wened;Pays de Vannes;Mor Bihan - Gwened tolpad-kêrioù;Golfe du Morbihan - Vannes agglomération;Sine;Séné;;;;;;;;;;;;;2,30%;2,40%;3,30%;4,40%;5,70%;7,10%;6,80%;6,80%;9,00%;9,50%;9,30%;7,60%;5,50%;7,17%
56248;56;Bro Kêr-Wened;Pays de Vannes;Mor Bihan - Gwened tolpad-kêrioù;Golfe du Morbihan - Vannes agglomération;Surzhur;Surzur;;;;;;;;;9,80%;11,40%;11,90%;12,30%;12,80%;14,00%;15,10%;16,20%;17,40%;17,10%;17,60%;17,70%;18,20%;19,10%;19,10%;19,00%;17,70%;17,20%
56251;56;Bro Kêr-Wened;Pays de Vannes;Mor Bihan - Gwened tolpad-kêrioù;Golfe du Morbihan - Vannes agglomération;Teiz-Noaloù;Theix-Noyalo;17,50%;18,10%;18,60%;18,50%;20,20%;17,80%;23,50%;24,20%;24,60%;25,40%;24,30%;23,70%;23,30%;24,10%;24,50%;22,30%;22,20%;18,70%;18,10%;18,30%;18,90%;16,80%;15,70%;17,20%;18,50%;18,29%
56260;56;Bro Kêr-Wened;Pays de Vannes;Mor Bihan - Gwened tolpad-kêrioù;Golfe du Morbihan - Vannes agglomération;Gwened;Vannes;4,60%;4,90%;6,00%;5,90%;6,40%;5,60%;6,50%;6,80%;7,50%;7,70%;7,50%;7,40%;7,20%;6,60%;6,90%;7,20%;7,00%;6,70%;6,80%;6,70%;6,70%;6,80%;6,70%;6,50%;6,80%;7,06%
56263;56;Bro an Alre;Pays d'Auray;An Alre Kiberen Douar Atlantel;Auray Quiberon Terre Atlantique;Santez-Anna-Wened;Sainte-Anne-d'Auray;7,30%;6,60%;8,00%;11,10%;12,50%;12,80%;13,50%;14,20%;12,10%;10,80%;9,90%;11,20%;10,50%;11,10%;11,30%;8,80%;8,10%;7,70%;8,10%;8,60%;7,10%;7,10%;8,50%;8,00%;8,50%;7,76%
